,links
0,https://old.reddit.com/r/Ripple/comments/acqjir/daily_ripplexrp_discussion_thread_010519/?limit=500
1,https://old.reddit.com/r/Ripple/comments/8m03qu/daily_ripplexrp_discussion_thread_052518/?limit=500
2,https://old.reddit.com/r/Ripple/comments/a91lvf/daily_ripplexrp_discussion_thread_122418/?limit=500
3,https://old.reddit.com/r/Ripple/comments/958cvd/daily_ripplexrp_discussion_thread_080718/?limit=500
4,https://old.reddit.com/r/Ripple/comments/9o9er8/daily_ripplexrp_discussion_thread_101518/?limit=500
5,https://old.reddit.com/r/Ripple/comments/9pgdyz/daily_ripplexrp_discussion_thread_101918/?limit=500
6,https://old.reddit.com/r/Ripple/comments/ae2zw3/daily_ripplexrp_discussion_thread_010919/?limit=500
7,https://old.reddit.com/r/Ripple/comments/a3kccl/daily_ripplexrp_discussion_thread_120618/?limit=500
8,https://old.reddit.com/r/Ripple/comments/a3w6sn/daily_ripplexrp_discussion_thread_120718/?limit=500
9,https://old.reddit.com/r/Ripple/comments/9vh9n5/daily_ripplexrp_discussion_thread_110918/?limit=500
10,https://old.reddit.com/r/Ripple/comments/9foxnu/daily_ripplexrp_discussion_thread_091418/?limit=500
11,https://old.reddit.com/r/Ripple/comments/9iewkc/daily_ripplexrp_discussion_thread_092418/?limit=500
12,https://old.reddit.com/r/Ripple/comments/9iz7w1/daily_ripplexrp_discussion_thread_092618/?limit=500
13,https://old.reddit.com/r/Ripple/comments/9m2enx/daily_ripplexrp_discussion_thread_100718/?limit=500
14,https://old.reddit.com/r/Ripple/comments/9cib19/daily_ripplexrp_discussion_thread_090318/?limit=500
15,https://old.reddit.com/r/Ripple/comments/9c9dqy/daily_ripplexrp_discussion_thread_090218/?limit=500
16,https://old.reddit.com/r/Ripple/comments/96mlh0/daily_ripplexrp_discussion_thread_081218/?limit=500
17,https://old.reddit.com/r/Ripple/comments/9a42s6/daily_ripplexrp_discussion_thread_082518/?limit=500
18,https://old.reddit.com/r/Ripple/comments/8pha9n/daily_ripplexrp_discussion_thread_060818/?limit=500
19,https://old.reddit.com/r/Ripple/comments/9d2vzt/daily_ripplexrp_discussion_thread_090518/?limit=500
20,https://old.reddit.com/r/Ripple/comments/9wlnjs/daily_ripplexrp_discussion_thread_111318/?limit=500
21,https://old.reddit.com/r/Ripple/comments/90cso5/daily_ripplexrp_discussion_thread_072018/?limit=500
22,https://old.reddit.com/r/Ripple/comments/8souss/daily_ripplexrp_discussion_thread_062118/?limit=500
23,https://old.reddit.com/r/Ripple/comments/8ug86d/daily_ripplexrp_discussion_thread_062818/?limit=500
24,https://old.reddit.com/r/Ripple/comments/9wwl9e/daily_ripplexrp_discussion_thread_111418/?limit=500
25,https://old.reddit.com/r/Ripple/comments/a8role/daily_ripplexrp_discussion_thread_122318/?limit=500
26,https://old.reddit.com/r/Ripple/comments/99k74k/daily_ripplexrp_discussion_thread_082318/?limit=500
27,https://old.reddit.com/r/Ripple/comments/8xweie/daily_ripplexrp_discussion_thread_071118/?limit=500
28,https://old.reddit.com/r/Ripple/comments/8vynob/daily_ripplexrp_discussion_thread_070418/?limit=500
29,https://old.reddit.com/r/Ripple/comments/a7u60y/daily_ripplexrp_discussion_thread_122018/?limit=500
30,https://old.reddit.com/r/Ripple/comments/9dem1c/daily_ripplexrp_discussion_thread_090618/?limit=500
31,https://old.reddit.com/r/Ripple/comments/9g7spb/daily_ripplexrp_discussion_thread_091618/?limit=500
32,https://old.reddit.com/r/Ripple/comments/ac1qou/daily_ripplexrp_discussion_thread_010319/?limit=500
33,https://old.reddit.com/r/Ripple/comments/9xipbr/daily_ripplexrp_discussion_thread_111618/?limit=500
34,https://old.reddit.com/r/Ripple/comments/ace9mo/daily_ripplexrp_discussion_thread_010419/?limit=500
35,https://old.reddit.com/r/Ripple/comments/9v6s1f/daily_ripplexrp_discussion_thread_110818/?limit=500
36,https://old.reddit.com/r/Ripple/comments/a38ma5/daily_ripplexrp_discussion_thread_120518/?limit=500
37,https://old.reddit.com/r/Ripple/comments/8qphnh/daily_ripplexrp_discussion_thread_061318/?limit=500
38,https://old.reddit.com/r/Ripple/comments/9rhh8e/daily_ripplexrp_discussion_thread_102618/?limit=500
39,https://old.reddit.com/r/Ripple/comments/97p3f6/daily_ripplexrp_discussion_thread_081618/?limit=500
40,https://old.reddit.com/r/Ripple/comments/91e4ob/daily_ripplexrp_discussion_thread_072418/?limit=500
41,https://old.reddit.com/r/Ripple/comments/a1dvz2/daily_ripplexrp_discussion_thread_112918/?limit=500
42,https://old.reddit.com/r/Ripple/comments/8ofn17/daily_ripplexrp_discussion_thread_060418/?limit=500
43,https://old.reddit.com/r/Ripple/comments/8sfbu5/daily_ripplexrp_discussion_thread_062018/?limit=500
44,https://old.reddit.com/r/Ripple/comments/a6wc4c/daily_ripplexrp_discussion_thread_121718/?limit=500
45,https://old.reddit.com/r/Ripple/comments/91z0gj/daily_ripplexrp_discussion_thread_072618/?limit=500
46,https://old.reddit.com/r/Ripple/comments/946esx/daily_ripplexrp_discussion_thread_080318/?limit=500
47,https://old.reddit.com/r/Ripple/comments/a61aj3/daily_ripplexrp_discussion_thread_121418/?limit=500
48,https://old.reddit.com/r/Ripple/comments/9svfxb/daily_ripplexrp_discussion_thread_103118/?limit=500
49,https://old.reddit.com/r/Ripple/comments/98hmqu/daily_ripplexrp_discussion_thread_081918/?limit=500
50,https://old.reddit.com/r/Ripple/comments/8rwn0j/daily_ripplexrp_discussion_thread_061818/?limit=500
51,https://old.reddit.com/r/Ripple/comments/al8sit/daily_ripplexrp_discussion_thread_013019/?limit=500
52,https://old.reddit.com/r/Ripple/comments/a4hwno/daily_ripplexrp_discussion_thread_120918/?limit=500
53,https://old.reddit.com/r/Ripple/comments/9yzpl1/daily_ripplexrp_discussion_thread_112118/?limit=500
54,https://old.reddit.com/r/Ripple/comments/a05g2y/daily_ripplexrp_discussion_thread_112518/?limit=500
55,https://old.reddit.com/r/Ripple/comments/9dqopv/daily_ripplexrp_discussion_thread_090718/?limit=500
56,https://old.reddit.com/r/Ripple/comments/9jtp3q/daily_ripplexrp_discussion_thread_092918/?limit=500
57,https://old.reddit.com/r/Ripple/comments/aghatn/daily_ripplexrp_discussion_thread_011619/?limit=500
58,https://old.reddit.com/r/Ripple/comments/98qha2/daily_ripplexrp_discussion_thread_082018/?limit=500
59,https://old.reddit.com/r/Ripple/comments/9o00w1/daily_ripplexrp_discussion_thread_101418/?limit=500
60,https://old.reddit.com/r/Ripple/comments/9q0pfs/daily_ripplexrp_discussion_thread_102118/?limit=500
61,https://old.reddit.com/r/Ripple/comments/aasjn6/daily_ripplexrp_discussion_thread_123018/?limit=500
62,https://old.reddit.com/r/Ripple/comments/anaaws/daily_ripplexrp_discussion_thread_020519/?limit=500
63,https://old.reddit.com/r/Ripple/comments/9yoidu/daily_ripplexrp_discussion_thread_112018/?limit=500
64,https://old.reddit.com/r/Ripple/comments/a5elrg/daily_ripplexrp_discussion_thread_121218/?limit=500
65,https://old.reddit.com/r/Ripple/comments/aj8j9p/daily_ripplexrp_discussion_thread_012419/?limit=500
66,https://old.reddit.com/r/Ripple/comments/82dh08/daily_ripplexrp_discussion_thread_030618/?limit=500
67,https://old.reddit.com/r/Ripple/comments/988wlu/daily_ripplexrp_discussion_thread_081818/?limit=500
68,https://old.reddit.com/r/Ripple/comments/92jbch/daily_ripplexrp_discussion_thread_072818/?limit=500
69,https://old.reddit.com/r/Ripple/comments/8l8dc9/daily_ripplexrp_discussion_thread_052218/?limit=500
70,https://old.reddit.com/r/Ripple/comments/9bqg26/daily_ripplexrp_discussion_thread_083118/?limit=500
71,https://old.reddit.com/r/Ripple/comments/7pe7jn/daily_ripplexrp_discussion_thread_011018/?limit=500
72,https://old.reddit.com/r/Ripple/comments/8wh1q7/daily_ripplexrp_discussion_thread_070618/?limit=500
73,https://old.reddit.com/r/Ripple/comments/9s0jck/daily_ripplexrp_discussion_thread_102818/?limit=500
74,https://old.reddit.com/r/Ripple/comments/a9lax7/daily_ripplexrp_discussion_thread_122618/?limit=500
75,https://old.reddit.com/r/Ripple/comments/8zs72y/daily_ripplexrp_discussion_thread_071818/?limit=500
76,https://old.reddit.com/r/Ripple/comments/8s5x7m/daily_ripplexrp_discussion_thread_061918/?limit=500
77,https://old.reddit.com/r/Ripple/comments/akw6c1/daily_ripplexrp_discussion_thread_012919/?limit=500
78,https://old.reddit.com/r/Ripple/comments/9u0pwg/daily_ripplexrp_discussion_thread_110418/?limit=500
79,https://old.reddit.com/r/Ripple/comments/a2a5vs/daily_ripplexrp_discussion_thread_120218/?limit=500
80,https://old.reddit.com/r/Ripple/comments/9s9wcr/daily_ripplexrp_discussion_thread_102918/?limit=500
81,https://old.reddit.com/r/Ripple/comments/9i5qrs/daily_ripplexrp_discussion_thread_092318/?limit=500
82,https://old.reddit.com/r/Ripple/comments/9b5zh9/daily_ripplexrp_discussion_thread_082918/?limit=500
83,https://old.reddit.com/r/Ripple/comments/8vfqlu/daily_ripplexrp_discussion_thread_070218/?limit=500
84,https://old.reddit.com/r/Ripple/comments/9acxag/daily_ripplexrp_discussion_thread_082618/?limit=500
85,https://old.reddit.com/r/Ripple/comments/94gc1q/daily_ripplexrp_discussion_thread_080418/?limit=500
86,https://old.reddit.com/r/Ripple/comments/7o1m4k/daily_ripplexrp_discussion_thread_010418/?limit=500
87,https://old.reddit.com/r/Ripple/comments/9kxua7/daily_ripplexrp_discussion_thread_100318/?limit=500
88,https://old.reddit.com/r/Ripple/comments/8u6k58/daily_ripplexrp_discussion_thread_062718/?limit=500
89,https://old.reddit.com/r/Ripple/comments/8oyw5o/daily_ripplexrp_discussion_thread_060618/?limit=500
90,https://old.reddit.com/r/Ripple/comments/9knjr6/daily_ripplexrp_discussion_thread_100218/?limit=500
91,https://old.reddit.com/r/Ripple/comments/91ojam/daily_ripplexrp_discussion_thread_072518/?limit=500
92,https://old.reddit.com/r/Ripple/comments/9kd4uy/daily_ripplexrp_discussion_thread_100118/?limit=500
93,https://old.reddit.com/r/Ripple/comments/9bge36/daily_ripplexrp_discussion_thread_083018/?limit=500
94,https://old.reddit.com/r/Ripple/comments/9ok5qv/daily_ripplexrp_discussion_thread_101618/?limit=500
95,https://old.reddit.com/r/Ripple/comments/9n6niq/daily_ripplexrp_discussion_thread_101118/?limit=500
96,https://old.reddit.com/r/Ripple/comments/a2kz4p/daily_ripplexrp_discussion_thread_120318/?limit=500
97,https://old.reddit.com/r/Ripple/comments/90v7qc/daily_ripplexrp_discussion_thread_072218/?limit=500
98,https://old.reddit.com/r/Ripple/comments/a4s76v/daily_ripplexrp_discussion_thread_121018/?limit=500
99,https://old.reddit.com/r/Ripple/comments/a77j4f/daily_ripplexrp_discussion_thread_121818/?limit=500
100,https://old.reddit.com/r/Ripple/comments/9grivj/daily_ripplexrp_discussion_thread_091818/?limit=500
101,https://old.reddit.com/r/Ripple/comments/9mlzqt/daily_ripplexrp_discussion_thread_100918/?limit=500
102,https://old.reddit.com/r/Ripple/comments/8q6lqr/daily_ripplexrp_discussion_thread_061118/?limit=500
103,https://old.reddit.com/r/Ripple/comments/a5pygv/daily_ripplexrp_discussion_thread_121318/?limit=500
104,https://old.reddit.com/r/Ripple/comments/96dslm/daily_ripplexrp_discussion_thread_081118/?limit=500
105,https://old.reddit.com/r/Ripple/comments/aefa3e/daily_ripplexrp_discussion_thread_011019/?limit=500
106,https://old.reddit.com/r/Ripple/comments/anms17/daily_ripplexrp_discussion_thread_020619/?limit=500
107,https://old.reddit.com/r/Ripple/comments/a1zrpt/daily_ripplexrp_discussion_thread_120118/?limit=500
108,https://old.reddit.com/r/Ripple/comments/9h1yac/daily_ripplexrp_discussion_thread_091918/?limit=500
109,https://old.reddit.com/r/Ripple/comments/95t70b/daily_ripplexrp_discussion_thread_080918/?limit=500
110,https://old.reddit.com/r/Ripple/comments/9t69ix/daily_ripplexrp_discussion_thread_110118/?limit=500
111,https://old.reddit.com/r/Ripple/comments/9hc4sl/daily_ripplexrp_discussion_thread_092018/?limit=500
112,https://old.reddit.com/r/Ripple/comments/99a6fn/daily_ripplexrp_discussion_thread_082218/?limit=500
113,https://old.reddit.com/r/Ripple/comments/ajxivs/daily_ripplexrp_discussion_thread_012619/?limit=500
114,https://old.reddit.com/r/Ripple/comments/9758ua/daily_ripplexrp_discussion_thread_081418/?limit=500
115,https://old.reddit.com/r/Ripple/comments/8syec1/daily_ripplexrp_discussion_thread_062218/?limit=500
116,https://old.reddit.com/r/Ripple/comments/92s5ov/daily_ripplexrp_discussion_thread_072918/?limit=500
117,https://old.reddit.com/r/Ripple/comments/a0fvzz/daily_ripplexrp_discussion_thread_112618/?limit=500
118,https://old.reddit.com/r/Ripple/comments/8ygsnq/daily_ripplexrp_discussion_thread_071318/?limit=500
119,https://old.reddit.com/r/Ripple/comments/9k3b35/daily_ripplexrp_discussion_thread_093018/?limit=500
120,https://old.reddit.com/r/Ripple/comments/a53d5u/daily_ripplexrp_discussion_thread_121118/?limit=500
121,https://old.reddit.com/r/Ripple/comments/a2wywn/daily_ripplexrp_discussion_thread_120418/?limit=500
122,https://old.reddit.com/r/Ripple/comments/9pr1is/daily_ripplexrp_discussion_thread_102018/?limit=500
123,https://old.reddit.com/r/Ripple/comments/97z6rl/daily_ripplexrp_discussion_thread_081718/?limit=500
124,https://old.reddit.com/r/Ripple/comments/8p7nbm/daily_ripplexrp_discussion_thread_060718/?limit=500
125,https://old.reddit.com/r/Ripple/comments/a9vr8u/daily_ripplexrp_discussion_thread_122718/?limit=500
126,https://old.reddit.com/r/Ripple/comments/9f4hyb/daily_ripplexrp_discussion_thread_091218/?limit=500
127,https://old.reddit.com/r/Ripple/comments/ahu0yl/daily_ripplexrp_discussion_thread_012019/?limit=500
128,https://old.reddit.com/r/Ripple/comments/8op3di/daily_ripplexrp_discussion_thread_060518/?limit=500
129,https://old.reddit.com/r/Ripple/comments/anzpqe/daily_ripplexrp_discussion_thread_020719/?limit=500
130,https://old.reddit.com/r/Ripple/comments/8t7fm9/daily_ripplexrp_discussion_thread_062318/?limit=500
131,https://old.reddit.com/r/Ripple/comments/ajl64h/daily_ripplexrp_discussion_thread_012519/?limit=500
132,https://old.reddit.com/r/Ripple/comments/8pqm08/daily_ripplexrp_discussion_thread_060918/?limit=500
133,https://old.reddit.com/r/Ripple/comments/a6c50e/daily_ripplexrp_discussion_thread_121518/?limit=500
134,https://old.reddit.com/r/Ripple/comments/8uq6xh/daily_ripplexrp_discussion_thread_062918/?limit=500
135,https://old.reddit.com/r/Ripple/comments/94y4aj/daily_ripplexrp_discussion_thread_080618/?limit=500
136,https://old.reddit.com/r/Ripple/comments/9rrhbo/daily_ripplexrp_discussion_thread_102718/?limit=500
137,https://old.reddit.com/r/Ripple/comments/9uadus/daily_ripplexrp_discussion_thread_110518/?limit=500
138,https://old.reddit.com/r/Ripple/comments/7p5qih/daily_ripplexrp_discussion_thread_010918/?limit=500
139,https://old.reddit.com/r/Ripple/comments/alljt4/daily_ripplexrp_discussion_thread_013119/?limit=500
140,https://old.reddit.com/r/Ripple/comments/aiiy1u/daily_ripplexrp_discussion_thread_012219/?limit=500
141,https://old.reddit.com/r/Ripple/comments/8z7uf7/daily_ripplexrp_discussion_thread_071618/?limit=500
142,https://old.reddit.com/r/Ripple/comments/ag4i7i/daily_ripplexrp_discussion_thread_011519/?limit=500
143,https://old.reddit.com/r/Ripple/comments/ai67yu/daily_ripplexrp_discussion_thread_012119/?limit=500
144,https://old.reddit.com/r/Ripple/comments/9c08m2/daily_ripplexrp_discussion_thread_090118/?limit=500
145,https://old.reddit.com/r/Ripple/comments/8y6ilk/daily_ripplexrp_discussion_thread_071218/?limit=500
146,https://old.reddit.com/r/Ripple/comments/a12mpb/daily_ripplexrp_discussion_thread_112818/?limit=500
147,https://old.reddit.com/r/Ripple/comments/a8665z/daily_ripplexrp_discussion_thread_122118/?limit=500
148,https://old.reddit.com/r/Ripple/comments/8vp76k/daily_ripplexrp_discussion_thread_070318/?limit=500
149,https://old.reddit.com/r/Ripple/comments/9zkxhr/daily_ripplexrp_discussion_thread_112318/?limit=500
150,https://old.reddit.com/r/Ripple/comments/abpoam/daily_ripplexrp_discussion_thread_010219/?limit=500
151,https://old.reddit.com/r/Ripple/comments/93w23h/daily_ripplexrp_discussion_thread_080218/?limit=500
152,https://old.reddit.com/r/Ripple/comments/9e1hc7/daily_ripplexrp_discussion_thread_090818/?limit=500
153,https://old.reddit.com/r/Ripple/comments/9zvbo4/daily_ripplexrp_discussion_thread_112418/?limit=500
154,https://old.reddit.com/r/Ripple/comments/amxswl/daily_ripplexrp_discussion_thread_020419/?limit=500
155,https://old.reddit.com/r/Ripple/comments/8o77o7/daily_ripplexrp_discussion_thread_060318/?limit=500
156,https://old.reddit.com/r/Ripple/comments/adduwo/daily_ripplexrp_discussion_thread_010719/?limit=500
157,https://old.reddit.com/r/Ripple/comments/9mw8cb/daily_ripplexrp_discussion_thread_101018/?limit=500
158,https://old.reddit.com/r/Ripple/comments/94p7du/daily_ripplexrp_discussion_thread_080518/?limit=500
159,https://old.reddit.com/r/Ripple/comments/93lnvd/daily_ripplexrp_discussion_thread_080118/?limit=500
160,https://old.reddit.com/r/Ripple/comments/afrwnj/daily_ripplexrp_discussion_thread_011419/?limit=500
161,https://old.reddit.com/r/Ripple/comments/agtw6u/daily_ripplexrp_discussion_thread_011719/?limit=500
162,https://old.reddit.com/r/Ripple/comments/8py462/daily_ripplexrp_discussion_thread_061018/?limit=500
163,https://old.reddit.com/r/Ripple/comments/9cs9nq/daily_ripplexrp_discussion_thread_090418/?limit=500
164,https://old.reddit.com/r/Ripple/comments/9j9nhi/daily_ripplexrp_discussion_thread_092718/?limit=500
165,https://old.reddit.com/r/Ripple/comments/aly3h3/daily_ripplexrp_discussion_thread_020119/?limit=500
166,https://old.reddit.com/r/Ripple/comments/8dm07t/daily_ripplexrp_discussion_thread_042018/?limit=500
167,https://old.reddit.com/r/Ripple/comments/9yd83l/daily_ripplexrp_discussion_thread_111918/?limit=500
168,https://old.reddit.com/r/Ripple/comments/ahingc/daily_ripplexrp_discussion_thread_011919/?limit=500
169,https://old.reddit.com/r/Ripple/comments/aahtrw/daily_ripplexrp_discussion_thread_122918/?limit=500
170,https://old.reddit.com/r/Ripple/comments/a8honz/daily_ripplexrp_discussion_thread_122218/?limit=500
171,https://old.reddit.com/r/Ripple/comments/9zambf/daily_ripplexrp_discussion_thread_112218/?limit=500
172,https://old.reddit.com/r/Ripple/comments/913x5d/daily_ripplexrp_discussion_thread_072318/?limit=500
173,https://old.reddit.com/r/Ripple/comments/9fynvl/daily_ripplexrp_discussion_thread_091518/?limit=500
174,https://old.reddit.com/r/Ripple/comments/930x1i/daily_ripplexrp_discussion_thread_073018/?limit=500
175,https://old.reddit.com/r/Ripple/comments/9mbo8u/daily_ripplexrp_discussion_thread_100818/?limit=500
176,https://old.reddit.com/r/Ripple/comments/9p5t1f/daily_ripplexrp_discussion_thread_101818/?limit=500
177,https://old.reddit.com/r/Ripple/comments/8zhyzf/daily_ripplexrp_discussion_thread_071718/?limit=500
178,https://old.reddit.com/r/Ripple/comments/9w0vz6/daily_ripplexrp_discussion_thread_111118/?limit=500
179,https://old.reddit.com/r/Ripple/comments/9uvzxk/daily_ripplexrp_discussion_thread_110718/?limit=500
180,https://old.reddit.com/r/Ripple/comments/9vrdvz/daily_ripplexrp_discussion_thread_111018/?limit=500
181,https://old.reddit.com/r/Ripple/comments/9avs7e/daily_ripplexrp_discussion_thread_082818/?limit=500
182,https://old.reddit.com/r/Ripple/comments/9nqzhq/daily_ripplexrp_discussion_thread_101318/?limit=500
183,https://old.reddit.com/r/Ripple/comments/9xtdt2/daily_ripplexrp_discussion_thread_111718/?limit=500
184,https://old.reddit.com/r/Ripple/comments/ad2487/daily_ripplexrp_discussion_thread_010619/?limit=500
185,https://old.reddit.com/r/Ripple/comments/9tr8ik/daily_ripplexrp_discussion_thread_110318/?limit=500
186,https://old.reddit.com/r/Ripple/comments/a7ivyx/daily_ripplexrp_discussion_thread_121918/?limit=500
187,https://old.reddit.com/r/Ripple/comments/9lt59t/daily_ripplexrp_discussion_thread_100618/?limit=500
188,https://old.reddit.com/r/Ripple/comments/9ioze6/daily_ripplexrp_discussion_thread_092518/?limit=500
189,https://old.reddit.com/r/Ripple/comments/aeri7r/daily_ripplexrp_discussion_thread_011119/?limit=500
190,https://old.reddit.com/r/Ripple/comments/9jjst6/daily_ripplexrp_discussion_thread_092818/?limit=500
191,https://old.reddit.com/r/Ripple/comments/amm3px/daily_ripplexrp_discussion_thread_020319/?limit=500
192,https://old.reddit.com/r/Ripple/comments/a9btog/daily_ripplexrp_discussion_thread_122518/?limit=500
193,https://old.reddit.com/r/Ripple/comments/a47gt4/daily_ripplexrp_discussion_thread_120818/?limit=500
194,https://old.reddit.com/r/Ripple/comments/9tgu19/daily_ripplexrp_discussion_thread_110218/?limit=500
195,https://old.reddit.com/r/Ripple/comments/93b7lk/daily_ripplexrp_discussion_thread_073118/?limit=500
196,https://old.reddit.com/r/Ripple/comments/a1oyqv/daily_ripplexrp_discussion_thread_113018/?limit=500
197,https://old.reddit.com/r/Ripple/comments/98zzq8/daily_ripplexrp_discussion_thread_082118/?limit=500
198,https://old.reddit.com/r/Ripple/comments/af3r95/daily_ripplexrp_discussion_thread_011219/?limit=500
199,https://old.reddit.com/r/Ripple/comments/afflyg/daily_ripplexrp_discussion_thread_011319/?limit=500
200,https://old.reddit.com/r/Ripple/comments/9hm177/daily_ripplexrp_discussion_thread_092118/?limit=500
201,https://old.reddit.com/r/Ripple/comments/8xlcdv/daily_ripplexrp_discussion_thread_071018/?limit=500
202,https://old.reddit.com/r/Ripple/comments/8yql3q/daily_ripplexrp_discussion_thread_071418/?limit=500
203,https://old.reddit.com/r/Ripple/comments/8uzbhn/daily_ripplexrp_discussion_thread_063018/?limit=500
204,https://old.reddit.com/r/Ripple/comments/99uata/daily_ripplexrp_discussion_thread_082418/?limit=500
205,https://old.reddit.com/r/Ripple/comments/902jks/daily_ripplexrp_discussion_thread_071918/?limit=500
206,https://old.reddit.com/r/Ripple/comments/9ov7y1/daily_ripplexrp_discussion_thread_101718/?limit=500
207,https://old.reddit.com/r/Ripple/comments/9r6xv6/daily_ripplexrp_discussion_thread_102518/?limit=500
208,https://old.reddit.com/r/Ripple/comments/9qwflm/daily_ripplexrp_discussion_thread_102418/?limit=500
209,https://old.reddit.com/r/Ripple/comments/abervo/daily_ripplexrp_discussion_thread_010119/?limit=500
210,https://old.reddit.com/r/Ripple/comments/9wanyg/daily_ripplexrp_discussion_thread_111218/?limit=500
211,https://old.reddit.com/r/Ripple/comments/9hwwfb/daily_ripplexrp_discussion_thread_092218/?limit=500
212,https://old.reddit.com/r/Ripple/comments/9lj1t9/daily_ripplexrp_discussion_thread_100518/?limit=500
213,https://old.reddit.com/r/Ripple/comments/9ejisx/daily_ripplexrp_discussion_thread_091018/?limit=500
214,https://old.reddit.com/r/Ripple/comments/ak8opa/daily_ripplexrp_discussion_thread_012719/?limit=500
215,https://old.reddit.com/r/Ripple/comments/9eu8rp/daily_ripplexrp_discussion_thread_091118/?limit=500
216,https://old.reddit.com/r/Ripple/comments/963oar/daily_ripplexrp_discussion_thread_081018/?limit=500
217,https://old.reddit.com/r/Ripple/comments/akjo0k/daily_ripplexrp_discussion_thread_012819/?limit=500
218,https://old.reddit.com/r/Ripple/comments/amajy5/daily_ripplexrp_discussion_thread_020219/?limit=500
219,https://old.reddit.com/r/Ripple/comments/aivp68/daily_ripplexrp_discussion_thread_012319/?limit=500
220,https://old.reddit.com/r/Ripple/comments/97f9aj/daily_ripplexrp_discussion_thread_081518/?limit=500
221,https://old.reddit.com/r/Ripple/comments/8tnld4/daily_ripplexrp_discussion_thread_062518/?limit=500
222,https://old.reddit.com/r/Ripple/comments/9feu3p/daily_ripplexrp_discussion_thread_091318/?limit=500
223,https://old.reddit.com/r/Ripple/comments/ab3ijh/daily_ripplexrp_discussion_thread_123118/?limit=500
224,https://old.reddit.com/r/Ripple/comments/8ngoqh/daily_ripplexrp_discussion_thread_053118/?limit=500
225,https://old.reddit.com/r/Ripple/comments/9skkmr/daily_ripplexrp_discussion_thread_103018/?limit=500
226,https://old.reddit.com/r/Ripple/comments/95irog/daily_ripplexrp_discussion_thread_080818/?limit=500
227,https://old.reddit.com/r/Ripple/comments/a6m2nd/daily_ripplexrp_discussion_thread_121618/?limit=500
228,https://old.reddit.com/r/Ripple/comments/929b1a/daily_ripplexrp_discussion_thread_072718/?limit=500
229,https://old.reddit.com/r/Ripple/comments/8tfd29/daily_ripplexrp_discussion_thread_062418/?limit=500
230,https://old.reddit.com/r/Ripple/comments/a0r7d7/daily_ripplexrp_discussion_thread_112718/?limit=500
231,https://old.reddit.com/r/Ripple/comments/7ntb46/daily_ripplexrp_discussion_thread_010318/?limit=500
232,https://old.reddit.com/r/Ripple/comments/9gh605/daily_ripplexrp_discussion_thread_091718/?limit=500
233,https://old.reddit.com/r/Ripple/comments/9nh308/daily_ripplexrp_discussion_thread_101218/?limit=500
234,https://old.reddit.com/r/Ripple/comments/ah6jcy/daily_ripplexrp_discussion_thread_011819/?limit=500
235,https://old.reddit.com/r/Ripple/comments/9qlenu/daily_ripplexrp_discussion_thread_102318/?limit=500
236,https://old.reddit.com/r/Ripple/comments/8x7ymg/daily_ripplexrp_discussion_thread_070918/?limit=500
237,https://old.reddit.com/r/Ripple/comments/aa6rj1/daily_ripplexrp_discussion_thread_122818/?limit=500
238,https://old.reddit.com/r/Ripple/comments/8tx2g0/daily_ripplexrp_discussion_thread_062618/?limit=500
239,https://old.reddit.com/r/Ripple/comments/9y31ff/daily_ripplexrp_discussion_thread_111818/?limit=500
240,https://old.reddit.com/r/Ripple/comments/9ul4uc/daily_ripplexrp_discussion_thread_110618/?limit=500
241,https://old.reddit.com/r/Ripple/comments/9alw9d/daily_ripplexrp_discussion_thread_082718/?limit=500
242,https://old.reddit.com/r/Ripple/comments/8lhokf/daily_ripplexrp_discussion_thread_052318/?limit=500
243,https://old.reddit.com/r/Ripple/comments/9x7nws/daily_ripplexrp_discussion_thread_111518/?limit=500
244,https://old.reddit.com/r/Ripple/comments/adqd2a/daily_ripplexrp_discussion_thread_010819/?limit=500
245,https://old.reddit.com/r/Ripple/comments/8qfz5i/daily_ripplexrp_discussion_thread_061218/?limit=500
246,https://old.reddit.com/r/Ripple/comments/96v8fn/daily_ripplexrp_discussion_thread_081318/?limit=500
247,https://old.reddit.com/r/Ripple/comments/9qa9kr/daily_ripplexrp_discussion_thread_102218/?limit=500
248,https://old.reddit.com/r/Ripple/comments/9eab30/daily_ripplexrp_discussion_thread_090918/?limit=500
249,https://old.reddit.com/r/Ripple/comments/9l8kq9/daily_ripplexrp_discussion_thread_100418/?limit=500
